index,filename,size,content_type,source_url
1,"image-001.png",2083448,"image/png","https://img.contentcube.cn/images/2026-06-14/15-42a61a01-cd16-47f5-9e2c-a5abcf3dc0c9.png"
2,"image-002.png",2276827,"image/png","https://img.contentcube.cn/images/2026-06-14/7-62b6ed4b-fece-40dc-8376-09250b00edff.png"
3,"image-003.png",2120051,"image/png","https://img.contentcube.cn/images/2026-06-14/11-16add3c3-eaad-4a8b-9f5d-ced8e1808f9c.png"
4,"image-004.png",2207633,"image/png","https://img.contentcube.cn/images/2026-06-14/16-9b600d50-23d7-4185-8fe9-245386b8136e.png"
5,"image-005.png",2065621,"image/png","https://img.contentcube.cn/images/2026-06-14/11-dc5dee28-1593-4195-84a6-f107a4c116f4.png"
6,"image-006.png",2080813,"image/png","https://img.contentcube.cn/images/2026-06-14/13-ee1f3479-31be-48fc-8e10-ae97609be788.png"
7,"image-007.png",2058692,"image/png","https://img.contentcube.cn/images/2026-06-14/16-173b3e8f-387a-49f3-a9cc-c3700f57ba91.png"
8,"image-008.png",1929116,"image/png","https://img.contentcube.cn/images/2026-06-14/11-0ab7457c-b42d-4ace-a749-838c7dece120.png"
9,"image-009.png",2201255,"image/png","https://img.contentcube.cn/images/2026-06-14/9-b1b0b546-c0af-4fc3-9794-85a6982f5a5b.png"
10,"image-010.png",2257768,"image/png","https://img.contentcube.cn/images/2026-06-14/1-1a2c755c-c26c-4438-a199-9996fe9f8b6e.png"
11,"image-011.png",2206658,"image/png","https://img.contentcube.cn/images/2026-06-14/12-31f69496-59e1-4b17-b4da-667c003629cb.png"
12,"image-012.png",2263718,"image/png","https://img.contentcube.cn/images/2026-06-14/11-4c943874-b953-4f3d-a8c8-33342224ac73.png"
13,"image-013.png",2141540,"image/png","https://img.contentcube.cn/images/2026-06-14/7-8a40c7e4-ffb2-4082-b678-3ec108ad8f36.png"
14,"image-014.png",2116335,"image/png","https://img.contentcube.cn/images/2026-06-14/14-c4d96e47-c85e-4151-bd59-c807f26d73e1.png"
15,"image-015.png",2228313,"image/png","https://img.contentcube.cn/images/2026-06-14/9-ff2cd04e-7c56-4eaf-97bc-06d32365c671.png"
16,"image-016.png",2084126,"image/png","https://img.contentcube.cn/images/2026-06-14/3-021777f9-8d2a-4b03-82ed-1be45e69eb72.png"
17,"image-017.png",2172280,"image/png","https://img.contentcube.cn/images/2026-06-14/16-188bc200-d653-4e42-bf25-ebe14a4df5d7.png"
18,"image-018.png",2263667,"image/png","https://img.contentcube.cn/images/2026-06-14/16-b8d9fc63-255a-427e-80ac-917a632a4c5d.png"
19,"image-019.png",2401563,"image/png","https://img.contentcube.cn/images/2026-06-14/2-6499073e-7a5b-4d3d-9658-110a29cb77e3.png"
20,"image-020.png",2180469,"image/png","https://img.contentcube.cn/images/2026-06-14/15-2e8e2239-07c9-46e6-8896-d1b5b2b9ebf7.png"
21,"image-021.png",2243726,"image/png","https://img.contentcube.cn/images/2026-06-14/2-51a70e8f-0aed-4a0a-9dfc-4d60a1ef759b.png"
22,"image-022.png",1978663,"image/png","https://img.contentcube.cn/images/2026-06-14/3-2c972943-5779-444a-896a-1b5daae68258.png"
23,"image-023.png",2145502,"image/png","https://img.contentcube.cn/images/2026-06-14/14-a154025e-9728-4a6e-b260-058fa9087fd7.png"
24,"image-024.jpg",795293,"image/jpeg","https://img.contentcube.cn/images/2026-06-14/trans_1781452301021_9282.jpg"
25,"image-025.png",2079218,"image/png","https://img.contentcube.cn/images/2026-06-14/14-d94d1f6b-5e0f-40d6-96b0-8ef939fae47a.png"
26,"image-026.png",1822648,"image/png","https://img.contentcube.cn/images/2026-06-14/1-bc8dd761-d791-4d0b-b0f5-f5d4c6faf0a3.png"
27,"image-027.png",2175157,"image/png","https://img.contentcube.cn/images/2026-06-14/15-bfeb5c67-9612-4c15-9943-ad22b60f1e18.png"
28,"image-028.png",2319326,"image/png","https://img.contentcube.cn/images/2026-06-14/16-bc874819-4c93-47f9-8688-c6ba3c6734f2.png"
29,"image-029.png",2198232,"image/png","https://img.contentcube.cn/images/2026-06-14/16-63903797-df94-4138-bba5-7e1647a3513d.png"
30,"image-030.png",2210911,"image/png","https://img.contentcube.cn/images/2026-06-14/14-0bd186d2-286e-46fa-9341-91a87b262638.png"
31,"image-031.png",2249164,"image/png","https://img.contentcube.cn/images/2026-06-14/11-6e74c2db-7795-4604-82cc-72d44c9ee531.png"
32,"image-032.png",2439349,"image/png","https://img.contentcube.cn/images/2026-06-14/1-89eabd68-19ff-44f9-a3a2-0e3e112ff717.png"
33,"image-033.png",2256361,"image/png","https://img.contentcube.cn/images/2026-06-14/12-769dfc72-2b56-4c32-bdb7-e78fb09b156c.png"
